target,list,mean_sim
img_0462,mixed,0.6451705694198608
img_0462,near,0.6115869283676147
img_0462,far,0.6153205633163452
img_0094,mixed,0.6572550535202026
img_0094,near,0.6215769052505493
img_0094,far,0.634188175201416
img_0544,mixed,0.6828911900520325
img_0544,near,0.6572834253311157
img_0544,far,0.6962511539459229
img_0619,mixed,0.5991252660751343
img_0619,near,0.7467992305755615
img_0619,far,0.7134302854537964
img_0789,mixed,0.6451339721679688
img_0789,near,0.5898131132125854
img_0789,far,0.6047127842903137
img_0875,mixed,0.4877147078514099
img_0875,near,0.5342747569084167
img_0875,far,0.5263653993606567
img_0240,mixed,0.6818228960037231
img_0240,near,0.7053056955337524
img_0240,far,0.6172415614128113
img_0108,mixed,0.6719799041748047
img_0108,near,0.6349047422409058
img_0108,far,0.6832636594772339
img_0483,mixed,0.5592464804649353
img_0483,near,0.6166691184043884
img_0483,far,0.5620445013046265
img_0164,mixed,0.6386592388153076
img_0164,near,0.6585071086883545
img_0164,far,0.5656641721725464
img_0297,mixed,0.6671783924102783
img_0297,near,0.6201319098472595
img_0297,far,0.6734150648117065
img_0408,mixed,0.6131601333618164
img_0408,near,0.5775330662727356
img_0408,far,0.5617635846138
img_0254,mixed,0.6153202652931213
img_0254,near,0.6822646260261536
img_0254,far,0.6510801911354065
img_0359,mixed,0.6788713932037354
img_0359,near,0.6696058511734009
img_0359,far,0.6441726088523865
img_0530,mixed,0.5942210555076599
img_0530,near,0.6659085154533386
img_0530,far,0.6327983736991882
img_0515,mixed,0.5757519006729126
img_0515,near,0.5767697691917419
img_0515,far,0.5679768323898315
img_0260,mixed,0.6425731182098389
img_0260,near,0.6779782772064209
img_0260,far,0.6401094198226929
img_0173,mixed,0.5762782692909241
img_0173,near,0.6181881427764893
img_0173,far,0.6407878398895264
img_0131,mixed,0.6747382879257202
img_0131,near,0.6480541229248047
img_0131,far,0.678878664970398
img_0139,mixed,0.6842467188835144
img_0139,near,0.7170014381408691
img_0139,far,0.6348126530647278
img_0193,mixed,0.6823145747184753
img_0193,near,0.7179116010665894
img_0193,far,0.719510018825531
img_0430,mixed,0.5949963331222534
img_0430,near,0.6358034610748291
img_0430,far,0.6245633363723755
img_0404,mixed,0.6548316478729248
img_0404,near,0.6382460594177246
img_0404,far,0.5612237453460693
img_0119,mixed,0.6416078805923462
img_0119,near,0.6285730600357056
img_0119,far,0.705810546875
img_0409,mixed,0.6509172916412354
img_0409,near,0.6198525428771973
img_0409,far,0.5994857549667358
img_0238,mixed,0.6157723665237427
img_0238,near,0.6874675750732422
img_0238,far,0.6813743114471436
img_0524,mixed,0.5819076299667358
img_0524,near,0.650789737701416
img_0524,far,0.5972004532814026
img_0235,mixed,0.6124059557914734
img_0235,near,0.5755627751350403
img_0235,far,0.6254352331161499
img_0170,mixed,0.6369986534118652
img_0170,near,0.5836368799209595
img_0170,far,0.6708364486694336
img_0099,mixed,0.7182604074478149
img_0099,near,0.6395664215087891
img_0099,far,0.6739118099212646
img_0349,mixed,0.5893146991729736
img_0349,near,0.6451882123947144
img_0349,far,0.5705897808074951
img_0269,mixed,0.6280546188354492
img_0269,near,0.6811585426330566
img_0269,far,0.6386203765869141
img_0256,mixed,0.6121270656585693
img_0256,near,0.6656106114387512
img_0256,far,0.653014063835144
img_0263,mixed,0.598383903503418
img_0263,near,0.6561890840530396
img_0263,far,0.5840746760368347
img_0421,mixed,0.570049524307251
img_0421,near,0.5706714391708374
img_0421,far,0.6113574504852295
img_0270,mixed,0.5503575801849365
img_0270,near,0.549909234046936
img_0270,far,0.5435643196105957
img_0513,mixed,0.6478887796401978
img_0513,near,0.6742837429046631
img_0513,far,0.6394534707069397
img_0335,mixed,0.5819458365440369
img_0335,near,0.6177453994750977
img_0335,far,0.6050223112106323
img_0174,mixed,0.6711219549179077
img_0174,near,0.6661664843559265
img_0174,far,0.6388416290283203
img_0470,mixed,0.596171498298645
img_0470,near,0.6379274129867554
img_0470,far,0.6312401294708252
img_0304,mixed,0.6330177783966064
img_0304,near,0.5890263915061951
img_0304,far,0.6303836107254028
img_0288,mixed,0.7345940470695496
img_0288,near,0.6585155725479126
img_0288,far,0.629910945892334
img_0116,mixed,0.6101074814796448
img_0116,near,0.6128652095794678
img_0116,far,0.5884788632392883
img_0478,mixed,0.6329232454299927
img_0478,near,0.6834795475006104
img_0478,far,0.5972570776939392
img_0209,mixed,0.548905074596405
img_0209,near,0.5532780885696411
img_0209,far,0.6333999633789062
img_0161,mixed,0.618948221206665
img_0161,far,0.6436973214149475
img_0577,mixed,0.6569014191627502
img_0577,near,0.6338960528373718
img_0577,far,0.6555091738700867
img_0549,mixed,0.6984826922416687
img_0549,near,0.6448922157287598
img_0549,far,0.6752447485923767
img_0535,mixed,0.6005340814590454
img_0535,near,0.5876638889312744
img_0535,far,0.6446242928504944
img_0584,mixed,0.634619414806366
img_0584,near,0.6736178398132324
img_0584,far,0.6781312227249146
img_0632,mixed,0.625119686126709
img_0632,near,0.6929360628128052
img_0632,far,0.6508581638336182
img_0547,mixed,0.5622439980506897
img_0547,near,0.5137900114059448
img_0547,far,0.5716718435287476
img_0610,mixed,0.6429070830345154
img_0610,near,0.6908075213432312
img_0610,far,0.7059329748153687
img_0571,mixed,0.581960916519165
img_0571,near,0.5088590383529663
img_0571,far,0.5242773294448853
img_0566,mixed,0.5398651361465454
img_0566,near,0.5491782426834106
img_0566,far,0.48508182168006897
img_0582,mixed,0.6897265911102295
img_0582,near,0.6410504579544067
img_0582,far,0.7124768495559692
img_0581,mixed,0.6836556196212769
img_0581,near,0.6510047912597656
img_0581,far,0.5752355456352234
img_0624,mixed,0.7934746742248535
img_0624,near,0.6391602158546448
img_0624,far,0.6387659311294556
img_0561,mixed,0.5224270820617676
img_0561,near,0.488742858171463
img_0561,far,0.5177949666976929
img_0564,mixed,0.5763225555419922
img_0564,near,0.6382080316543579
img_0564,far,0.5455200672149658
img_0604,mixed,0.5893685817718506
img_0604,near,0.6429290771484375
img_0604,far,0.6468448638916016
img_0628,mixed,0.7032618522644043
img_0628,near,0.648780107498169
img_0628,far,0.6699884533882141
img_0608,mixed,0.5546241402626038
img_0608,near,0.621516764163971
img_0608,far,0.5456888675689697
img_0641,mixed,0.46919694542884827
img_0641,near,0.5003449320793152
img_0641,far,0.5051932334899902
img_0629,mixed,0.6116552352905273
img_0629,near,0.5214129090309143
img_0629,far,0.6011327505111694
img_0602,mixed,0.534857988357544
img_0602,near,0.5971457958221436
img_0602,far,0.5519561171531677
img_0618,mixed,0.581379234790802
img_0618,near,0.5559399724006653
img_0618,far,0.564835786819458
img_0575,mixed,0.5930207967758179
img_0575,near,0.5665127038955688
img_0575,far,0.6745542287826538
img_0594,mixed,0.5816657543182373
img_0594,near,0.6086194515228271
img_0594,far,0.5969175100326538
img_0550,mixed,0.6163617372512817
img_0550,near,0.607941746711731
img_0550,far,0.6544950604438782
img_0606,mixed,0.6596927642822266
img_0606,near,0.6503320336341858
img_0606,far,0.6898459196090698
img_0592,mixed,0.6167107820510864
img_0592,near,0.5706868171691895
img_0592,far,0.633958101272583
img_0562,mixed,0.6385130286216736
img_0562,near,0.6772067546844482
img_0562,far,0.7383750677108765
img_0558,mixed,0.5908223390579224
img_0558,near,0.5983792543411255
img_0558,far,0.6115455627441406
img_0605,mixed,0.634015679359436
img_0605,near,0.6980483531951904
img_0605,far,0.6940628290176392
img_0623,mixed,0.5888952016830444
img_0623,near,0.6902099847793579
img_0623,far,0.6895877718925476
img_0625,mixed,0.6428847908973694
img_0625,near,0.6504096984863281
img_0625,far,0.718163013458252
img_0631,mixed,0.6002628207206726
img_0631,near,0.6182236671447754
img_0631,far,0.6354755163192749
img_0607,mixed,0.6448749899864197
img_0607,near,0.6455214619636536
img_0607,far,0.5857225656509399
img_0572,mixed,0.5278452634811401
img_0572,near,0.5807139873504639
img_0572,far,0.5702846646308899
img_0548,mixed,0.6237266063690186
img_0548,near,0.6869267821311951
img_0548,far,0.7439167499542236
img_0591,mixed,0.5675312280654907
img_0591,near,0.6161598563194275
img_0591,far,0.6072959303855896
img_0543,mixed,0.7566758394241333
img_0543,near,0.722964882850647
img_0543,far,0.6812841892242432
img_0568,mixed,0.6758858561515808
img_0568,near,0.6637905240058899
img_0568,far,0.6652705669403076
img_0565,mixed,0.5777284502983093
img_0565,far,0.6008234620094299
img_0621,mixed,0.5105751752853394
img_0621,near,0.5290267467498779
img_0621,far,0.5067847967147827
img_0724,mixed,0.5193241834640503
img_0724,near,0.626776933670044
img_0724,far,0.5637581944465637
img_0666,mixed,0.5473878383636475
img_0666,near,0.6006467938423157
img_0666,far,0.5781468152999878
img_0880,mixed,0.6583004593849182
img_0880,near,0.5395656228065491
img_0880,far,0.6392616033554077
img_0780,mixed,0.5860669612884521
img_0780,near,0.6058533787727356
img_0780,far,0.5546553134918213
img_0818,mixed,0.5885183811187744
img_0818,near,0.6031898856163025
img_0818,far,0.4968143105506897
img_0698,mixed,0.630704939365387
img_0698,near,0.6545578241348267
img_0698,far,0.5881417989730835
img_0858,mixed,0.5488818883895874
img_0858,near,0.6076312065124512
img_0858,far,0.5326134562492371
img_0810,mixed,0.4889712333679199
img_0810,near,0.590381383895874
img_0810,far,0.4648003578186035
img_0801,mixed,0.46690812706947327
img_0801,far,0.5214303731918335
img_0792,mixed,0.599016010761261
img_0792,near,0.5936259031295776
img_0792,far,0.5471720695495605
img_0805,mixed,0.49482738971710205
img_0805,near,0.44632798433303833
img_0805,far,0.4827877879142761
img_0749,mixed,0.5676930546760559
img_0749,near,0.5925073027610779
img_0749,far,0.5987374782562256
img_0879,mixed,0.6048336029052734
img_0879,near,0.551954984664917
img_0879,far,0.49921342730522156
img_0737,mixed,0.5136332511901855
img_0737,near,0.5437042713165283
img_0737,far,0.608868420124054
img_0793,mixed,0.4991699457168579
img_0793,near,0.6263857483863831
img_0793,far,0.5266121029853821
img_0654,mixed,0.6502957940101624
img_0654,near,0.6883130669593811
img_0654,far,0.571406364440918
img_0708,mixed,0.550722599029541
img_0708,near,0.5524270534515381
img_0708,far,0.5573168992996216
img_0692,mixed,0.5935869216918945
img_0692,far,0.6020077466964722
img_0866,mixed,0.6011756658554077
img_0866,near,0.5797383189201355
img_0866,far,0.5556430816650391
img_0663,mixed,0.5332896113395691
img_0663,near,0.6641229391098022
img_0663,far,0.5729141235351562
img_0824,mixed,0.5052480101585388
img_0824,near,0.6236952543258667
img_0824,far,0.5417918562889099
img_0770,mixed,0.4754185676574707
img_0770,near,0.5421046614646912
img_0770,far,0.5322549939155579
img_0842,mixed,0.5925360918045044
img_0842,near,0.6141418218612671
img_0842,far,0.6382023096084595
img_0645,mixed,0.5825542211532593
img_0645,near,0.5594771504402161
img_0645,far,0.5143734216690063
img_0690,mixed,0.5465254783630371
img_0690,near,0.5379891395568848
img_0690,far,0.4749778211116791
img_0878,mixed,0.6215033531188965
img_0878,near,0.6254448890686035
img_0878,far,0.5810877680778503
img_0704,mixed,0.6106254458427429
img_0704,far,0.5177156925201416
img_0653,mixed,0.6079810857772827
img_0653,near,0.5471269488334656
img_0653,far,0.6532950401306152
img_0651,mixed,0.6001873016357422
img_0651,near,0.5997614860534668
img_0651,far,0.5532152652740479
img_0668,mixed,0.5577048063278198
img_0668,near,0.5850154161453247
img_0668,far,0.5057835578918457
img_0809,mixed,0.6030073165893555
img_0809,near,0.6783362627029419
img_0809,far,0.6189442873001099
img_0723,mixed,0.5772590637207031
img_0723,near,0.5308418273925781
img_0723,far,0.5221328735351562
img_0715,mixed,0.5229494571685791
img_0715,near,0.5707259178161621
img_0715,far,0.49057164788246155
img_0854,mixed,0.5464291572570801
img_0854,far,0.5660956501960754
img_0811,mixed,0.5559313297271729
img_0811,near,0.6711738109588623
img_0811,far,0.5494073629379272
img_0696,mixed,0.5861552953720093
img_0696,near,0.6142213940620422
img_0696,far,0.5874495506286621
img_0676,mixed,0.5829650163650513
img_0676,near,0.569766104221344
img_0676,far,0.5674326419830322
img_0772,mixed,0.6118723750114441
img_0772,near,0.6215147376060486
img_0772,far,0.6118764877319336
img_0667,mixed,0.5197110772132874
img_0667,near,0.6387833952903748
img_0667,far,0.5058537721633911
img_0655,mixed,0.5380514860153198
img_0655,near,0.6542944312095642
img_0655,far,0.5542844533920288
img_0024,mixed,0.549162745475769
img_0024,near,0.7255266308784485
img_0024,far,0.5409632325172424
img_0004,mixed,0.5882114768028259
img_0004,near,0.5941216349601746
img_0004,far,0.5717660188674927
img_0020,mixed,0.6352419257164001
img_0020,near,0.6188130378723145
img_0020,far,0.5743123888969421
img_0086,mixed,0.4636588990688324
img_0086,near,0.528975248336792
img_0086,far,0.4170953631401062
img_0029,mixed,0.5434356927871704
img_0029,near,0.5067974925041199
img_0029,far,0.5575577020645142
img_0025,mixed,0.5679640769958496
img_0025,near,0.5911245942115784
img_0025,far,0.5489155650138855
img_0026,mixed,0.4200874865055084
img_0026,near,0.3930061459541321
img_0026,far,0.4163108170032501
img_0030,mixed,0.5348138213157654
img_0030,near,0.5471255779266357
img_0030,far,0.5013999342918396
img_0008,mixed,0.45367518067359924
img_0008,near,0.4397502839565277
img_0008,far,0.39131563901901245
img_0085,mixed,0.5274789333343506
img_0085,near,0.5152848362922668
img_0085,far,0.5260974168777466
img_0063,mixed,0.5317627787590027
img_0063,near,0.5685111880302429
img_0063,far,0.5879284143447876
img_0009,mixed,0.48796314001083374
img_0009,near,0.42411020398139954
img_0009,far,0.49398869276046753
img_0027,mixed,0.6856321692466736
img_0027,near,0.5467367172241211
img_0027,far,0.524145245552063
img_0035,mixed,0.6835417747497559
img_0035,near,0.7163649201393127
img_0035,far,0.6029701232910156
img_0023,mixed,0.6026603579521179
img_0023,near,0.6850312352180481
img_0023,far,0.5792425870895386
img_0002,mixed,0.5010658502578735
img_0002,near,0.45242780447006226
img_0002,far,0.4743044376373291
img_0055,mixed,0.5565187931060791
img_0055,near,0.5540041327476501
img_0055,far,0.6255682706832886
img_0076,mixed,0.3937615156173706
img_0076,near,0.33445724844932556
img_0076,far,0.38136035203933716
img_0001,mixed,0.5573412179946899
img_0001,near,0.595714271068573
img_0001,far,0.5462343692779541
img_0069,mixed,0.6102171540260315
img_0069,near,0.7043708562850952
img_0069,far,0.6088393926620483
img_0011,mixed,0.5168004035949707
img_0011,near,0.5112231969833374
img_0011,far,0.46934622526168823
img_0028,mixed,0.4898455739021301
img_0028,near,0.5177662372589111
img_0028,far,0.49423378705978394
img_0052,mixed,0.5742678046226501
img_0052,near,0.5873605012893677
img_0052,far,0.6346331834793091
img_0060,mixed,0.6350992321968079
img_0060,near,0.596769392490387
img_0060,far,0.5163329839706421
img_0022,mixed,0.3905813694000244
img_0022,near,0.3635927438735962
img_0022,far,0.3947402238845825
img_0010,mixed,0.6111777424812317
img_0010,near,0.6442356705665588
img_0010,far,0.6070591807365417
img_0080,mixed,0.4296411871910095
img_0080,near,0.41027000546455383
img_0080,far,0.4560496211051941
img_0005,mixed,0.5541757345199585
img_0005,near,0.5889865756034851
img_0005,far,0.5349910855293274
img_0032,mixed,0.6325061321258545
img_0032,near,0.6116544008255005
img_0032,far,0.6325985789299011
img_0056,mixed,0.4906954765319824
img_0056,near,0.4343456029891968
img_0056,far,0.5216385126113892
img_0051,mixed,0.4747117757797241
img_0051,far,0.46984291076660156
img_0058,mixed,0.5154256224632263
img_0058,near,0.5963895320892334
img_0058,far,0.6358941793441772
img_0054,mixed,0.6539264917373657
img_0054,near,0.5496131777763367
img_0054,far,0.5855794548988342
img_0036,mixed,0.34533125162124634
img_0036,near,0.4487067461013794
img_0036,far,0.3964926600456238
img_0083,mixed,0.4349804222583771
img_0083,near,0.43791308999061584
img_0083,far,0.4099673926830292
img_0067,mixed,0.5675714015960693
img_0067,far,0.4863581955432892
img_0070,mixed,0.6705529689788818
img_0070,near,0.5804919004440308
img_0070,far,0.6951074600219727
img_0048,mixed,0.6104745268821716
img_0048,near,0.605981707572937
img_0048,far,0.628422737121582
img_0015,mixed,0.4607737064361572
img_0015,near,0.5589865446090698
img_0015,far,0.6030443906784058
img_0014,mixed,0.5220564603805542
img_0014,near,0.5796095728874207
img_0014,far,0.5387632846832275
